,Region,Section,Alignment
10,Asia,1,0.7041442464568399
11,Asia,2,0.7776505588807532
12,Asia,3,0.7067502711814144
13,Asia,4,0.7855365675377237
14,Asia,5,0.7791644564040139
15,Asia,6,0.8385869353640155
16,Asia,7,0.7508262748142851
17,Asia,8,0.7371681468541259
18,Asia,AllQuestions,0.7364389694357134
19,Asia,SectionsAvg,0.7599784321866467
