,Region,Section,Alignment
9,Asia,1,0.7041442464568399
10,Asia,2,0.7776505588807532
11,Asia,3,0.7067502711814144
12,Asia,4,0.7855365675377237
13,Asia,5,0.7791644564040139
14,Asia,6,0.8385869353640155
15,Asia,7,0.7508262748142851
16,Asia,8,0.7371681468541259
17,Asia,Overall,0.7364389694357134
