,Region,Section,Alignment
18,Europe,1,0.7548074927135282
19,Europe,2,0.7547064556887711
20,Europe,3,0.6938874786920213
21,Europe,4,0.7700449702532172
22,Europe,5,0.7596215912020479
23,Europe,6,0.8332656819877451
24,Europe,7,0.7900755904710082
25,Europe,8,0.7510983204468621
26,Europe,Overall,0.747665827328501
