,Region,Section,Alignment
20,Europe,1,0.7548074927135282
21,Europe,2,0.7547064556887711
22,Europe,3,0.6938874786920213
23,Europe,4,0.7700449702532172
24,Europe,5,0.7596215912020479
25,Europe,6,0.8332656819877451
26,Europe,7,0.7900755904710082
27,Europe,8,0.7510983204468621
28,Europe,AllQuestions,0.747665827328501
29,Europe,SectionsAvg,0.7634384476819
