,Region,Section,Alignment
27,North America,1,0.7527019130611252
28,North America,2,0.7990763653461185
29,North America,3,0.7175791646625935
30,North America,4,0.8035012493065093
31,North America,5,0.7971496300709586
32,North America,6,0.869305336606684
33,North America,7,0.7756177199039732
34,North America,8,0.7564916412054367
35,North America,Overall,0.7590482061242175
