,Region,Section,Alignment
30,North America,1,0.7527019130611252
31,North America,2,0.7990763653461185
32,North America,3,0.7175791646625935
33,North America,4,0.8035012493065093
34,North America,5,0.7971496300709586
35,North America,6,0.869305336606684
36,North America,7,0.7756177199039732
37,North America,8,0.7564916412054367
38,North America,AllQuestions,0.7590482061242175
39,North America,SectionsAvg,0.7839278775204246
