,Region,Section,Alignment
40,Oceania,1,0.7490029694808688
41,Oceania,2,0.7585701439268976
42,Oceania,3,0.7072889258114544
43,Oceania,4,0.7626268518659872
44,Oceania,5,0.6929053914828835
45,Oceania,6,0.8375860935172225
46,Oceania,7,0.8113607010911164
47,Oceania,8,0.7424372630962216
48,Oceania,AllQuestions,0.7457729856733633
49,Oceania,SectionsAvg,0.7577222925340815
