,Region,Section,Alignment
36,Oceania,1,0.7490029694808688
37,Oceania,2,0.7585701439268976
38,Oceania,3,0.7072889258114544
39,Oceania,4,0.7626268518659872
40,Oceania,5,0.6929053914828835
41,Oceania,6,0.8375860935172225
42,Oceania,7,0.8113607010911164
43,Oceania,8,0.7424372630962216
44,Oceania,Overall,0.7457729856733633
