,Region,Section,Alignment
45,Russia,1,0.7471906376773754
46,Russia,2,0.7519900071178276
47,Russia,3,0.6969285523427166
48,Russia,4,0.8066490523914948
49,Russia,5,0.8222703638368515
50,Russia,6,0.8152648436559196
51,Russia,7,0.7654549471228212
52,Russia,8,0.7697444190826158
53,Russia,Overall,0.755342684923167
