,Region,Section,Alignment
50,Russia,1,0.7471906376773754
51,Russia,2,0.7519900071178276
52,Russia,3,0.6969285523427166
53,Russia,4,0.8066490523914948
54,Russia,5,0.8222703638368515
55,Russia,6,0.8152648436559196
56,Russia,7,0.7654549471228212
57,Russia,8,0.7697444190826158
58,Russia,AllQuestions,0.755342684923167
59,Russia,SectionsAvg,0.7719366029034528
