,Region,Section,Alignment
60,South America,1,0.7415519327316535
61,South America,2,0.7944002965917861
62,South America,3,0.7053730527329354
63,South America,4,0.8003200477825234
64,South America,5,0.8130405252872079
65,South America,6,0.846109723423714
66,South America,7,0.7731091862828544
67,South America,8,0.7542587341111432
68,South America,AllQuestions,0.7532744947564933
69,South America,SectionsAvg,0.7785204373679773
