,Region,Section,Alignment
54,South America,1,0.7415519327316535
55,South America,2,0.7944002965917861
56,South America,3,0.7053730527329354
57,South America,4,0.8003200477825234
58,South America,5,0.8130405252872079
59,South America,6,0.846109723423714
60,South America,7,0.7731091862828544
61,South America,8,0.7542587341111432
62,South America,Overall,0.7532744947564933
