,Region,Section,Alignment
0,Other,1,0.7136139211918763
1,Other,10,0.6625815490136674
2,Other,11,0.6204251169393918
3,Other,12,0.7832218319261676
4,Other,13,0.7773712613434637
5,Other,2,0.7696344481010565
6,Other,3,0.6960425728117378
7,Other,4,0.7895026989286928
8,Other,5,0.782787094704698
9,Other,6,0.8431540142673414
10,Other,7,0.7512622621450744
11,Other,8,0.8837822861576362
12,Other,9,0.7787943215943497
13,Other,AllQuestions,0.7353431920492366
14,Other,SectionsAvg,0.7580152376594254
