,Region,Section,Alignment
0,Other,1,0.7085812936488386
1,Other,10,0.6625815490136674
2,Other,11,0.6204251169393918
3,Other,12,0.7832218319261676
4,Other,13,0.7773712613434637
5,Other,2,0.7540295626451864
6,Other,3,0.6867048708587831
7,Other,4,0.7703491025370943
8,Other,5,0.7803032395909875
9,Other,6,0.8431540142673414
10,Other,7,0.7512622621450744
11,Other,8,0.6513468584729087
12,Other,9,0.7787943215943497
13,Other,AllQuestions,0.7256293054417187
14,Other,SectionsAvg,0.7355922852824242
