,Region,Section,Alignment
15,high,1,0.7625406913718711
16,high,10,0.7889798090060474
17,high,11,0.7807641917393376
18,high,12,0.794264531840158
19,high,13,0.7458358611749948
20,high,2,0.6979704914971181
21,high,3,0.7466958694532245
22,high,4,0.8571613211737881
23,high,5,0.8014648836722742
24,high,6,0.8556043336484918
25,high,7,0.8018781365991182
26,high,8,0.9235303554135159
27,high,9,0.7248223290833417
28,high,AllQuestions,0.776846407833956
29,high,SectionsAvg,0.7908856004364063
