,Region,Section,Alignment
30,low,1,0.7212663948210213
31,low,10,0.5420250209101366
32,low,11,0.7476091629355709
33,low,12,0.8049597582167124
34,low,13,0.7302605739101659
35,low,2,0.7175621447237238
36,low,3,0.7692165082263301
37,low,4,0.7340929215354454
38,low,5,0.7920155273063609
39,low,6,0.9108634971526562
40,low,7,0.7405155732989602
41,low,8,0.747757635728826
42,low,9,0.6671360342184316
43,low,AllQuestions,0.749347869516358
44,low,SectionsAvg,0.7404062117680262
