,Region,Section,Alignment
0,Other,1,0.7541947451693536
1,Other,10,0.6080937413608785
2,Other,11,0.779291775634099
3,Other,12,0.8174840634118652
4,Other,13,0.8132151967146772
5,Other,2,0.7318686899136889
6,Other,3,0.7361985123237811
7,Other,4,0.8670329610052392
8,Other,5,0.842984809691488
9,Other,6,0.8923770719275396
10,Other,7,0.796933420496682
11,Other,8,0.9097732835912851
12,Other,9,0.6526127801100442
13,Other,AllQuestions,0.7774488895677804
14,Other,SectionsAvg,0.791353965823307
