,Region,Section,Alignment
0,Other,1,0.7498622626651225
1,Other,10,0.6080937413608785
2,Other,11,0.779291775634099
3,Other,12,0.8174840634118652
4,Other,13,0.8132151967146772
5,Other,2,0.7155062160703967
6,Other,3,0.7271978028172923
7,Other,4,0.8329758189125012
8,Other,5,0.8404766813613826
9,Other,6,0.8923770719275396
10,Other,7,0.796933420496682
11,Other,8,0.7293198507738553
12,Other,9,0.6526127801100442
13,Other,AllQuestions,0.7687629362269187
14,Other,SectionsAvg,0.7716895593424383
