,Region,Section,Alignment
15,high,1,0.8237569797453933
16,high,10,0.7532292452316575
17,high,11,0.8153535560043006
18,high,12,0.7696102434176173
19,high,13,0.7912709360031872
20,high,2,0.685797942583939
21,high,3,0.6499053299323382
22,high,4,0.8707718598528484
23,high,5,0.7212804795888978
24,high,6,0.7646247697616966
25,high,7,0.7339031423046838
26,high,8,0.8551409281458986
27,high,9,0.8276169356213847
28,high,AllQuestions,0.7554783839198778
29,high,SectionsAvg,0.7740201806302957
