,Region,Section,Alignment
15,high,1,0.822099298449459
16,high,10,0.7532292452316575
17,high,11,0.8153535560043006
18,high,12,0.7696102434176173
19,high,13,0.7912709360031872
20,high,2,0.6667918075861077
21,high,3,0.6424264330422566
22,high,4,0.8603304939717148
23,high,5,0.7199735539104056
24,high,6,0.7646247697616966
25,high,7,0.7339031423046838
26,high,8,0.5654227844376959
27,high,9,0.8276169356213847
28,high,AllQuestions,0.7453259435895158
29,high,SectionsAvg,0.7486656307493975
