,Region,Section,Alignment
30,low,1,0.7633385853570063
31,low,10,0.7098358291875401
32,low,11,0.8231248810171908
33,low,12,0.7224729107538337
34,low,13,0.839304214781221
35,low,2,0.6741399349515336
36,low,3,0.669819238766266
37,low,4,0.8072910061629368
38,low,5,0.772187482795871
39,low,6,0.7070278866286259
40,low,7,0.6664653782231867
41,low,8,0.8304539327012243
42,low,9,0.8202767436989856
43,low,AllQuestions,0.7370238438731163
44,low,SectionsAvg,0.7542875403865709
