,Region,Section,Alignment
30,low,1,0.7597226176451264
31,low,10,0.7098358291875401
32,low,11,0.8231248810171908
33,low,12,0.7224729107538337
34,low,13,0.839304214781221
35,low,2,0.6491162179508839
36,low,3,0.6605853258516335
37,low,4,0.7932301176454383
38,low,5,0.7691838006259404
39,low,6,0.7070278866286259
40,low,7,0.6664653782231867
41,low,8,0.4913617981036727
42,low,9,0.8202767436989856
43,low,AllQuestions,0.7246411298225058
44,low,SectionsAvg,0.7239775170856368
