,Region,Section,Alignment
0,Other,1,0.7866432442489149
1,Other,10,0.6959835453232841
2,Other,11,0.8375133459565537
3,Other,12,0.7723351839303662
4,Other,13,0.8268639983116393
5,Other,2,0.7353870015273052
6,Other,3,0.6525796245092156
7,Other,4,0.8743511258232446
8,Other,5,0.7651297751300795
9,Other,6,0.7152652774155374
10,Other,7,0.7184998296337491
11,Other,8,0.8415703697753134
12,Other,9,0.8149066518286889
13,Other,AllQuestions,0.7526655389211695
14,Other,SectionsAvg,0.7714432089438327
