,Region,Section,Alignment
0,Other,1,0.7839909359123337
1,Other,10,0.6959835453232841
2,Other,11,0.8375133459565537
3,Other,12,0.7723351839303662
4,Other,13,0.8268639983116393
5,Other,2,0.7128777675047697
6,Other,3,0.6443843575238131
7,Other,4,0.8576873461053853
8,Other,5,0.7643784539343575
9,Other,6,0.7152652774155374
10,Other,7,0.7184998296337491
11,Other,8,0.5247111093259402
12,Other,9,0.8149066518286889
13,Other,AllQuestions,0.7411720990725181
14,Other,SectionsAvg,0.7419912020151611
