,Region,Section,Alignment
0,Other,1,0.7749105259714292
1,Other,10,0.7263928144531374
2,Other,11,0.8434715836187067
3,Other,12,0.7906309380669186
4,Other,13,0.8327002668912619
5,Other,2,0.6462563329848171
6,Other,3,0.5899728196198766
7,Other,4,0.854676933657513
8,Other,5,0.776648454280475
9,Other,6,0.8340804066539148
10,Other,7,0.7378867051600401
11,Other,8,0.5973807365768646
12,Other,9,0.8172060298118725
13,Other,AllQuestions,0.740180010316379
14,Other,SectionsAvg,0.7544829874772849
