,Region,Section,Alignment
0,Other,1,0.7784033504966941
1,Other,10,0.7263928144531374
2,Other,11,0.8434715836187067
3,Other,12,0.7906309380669186
4,Other,13,0.8327002668912619
5,Other,2,0.674262087796193
6,Other,3,0.5991500927141865
7,Other,4,0.8714217516190587
8,Other,5,0.7848210680713728
9,Other,6,0.8340804066539148
10,Other,7,0.7378867051600401
11,Other,8,0.8657935788589548
12,Other,9,0.8172060298118725
13,Other,AllQuestions,0.7512724904529235
14,Other,SectionsAvg,0.7808610463655918
