,Region,Section,Alignment
15,Asia,1,0.6411400223604177
16,Asia,10,0.5284916345063179
17,Asia,11,0.7685572963053788
18,Asia,12,0.6924527372129891
19,Asia,13,0.7283596266489476
20,Asia,2,0.7074937442798636
21,Asia,3,0.6514035939919564
22,Asia,4,0.7643272435040506
23,Asia,5,0.7752112938885448
24,Asia,6,0.6205949044391985
25,Asia,7,0.7098321294381952
26,Asia,8,0.28711768730398324
27,Asia,9,0.7379993151112828
28,Asia,AllQuestions,0.6737990532750385
29,Asia,SectionsAvg,0.662537017614702
