,Region,Section,Alignment
15,Asia,1,0.6458396357797559
16,Asia,10,0.5284916345063179
17,Asia,11,0.7685572963053788
18,Asia,12,0.6924527372129891
19,Asia,13,0.7283596266489476
20,Asia,2,0.7413090427115543
21,Asia,3,0.6629579288062356
22,Asia,4,0.7961783777050975
23,Asia,5,0.7819486623883035
24,Asia,6,0.6205949044391985
25,Asia,7,0.7098321294381952
26,Asia,8,0.7623725624346611
27,Asia,9,0.7379993151112828
28,Asia,AllQuestions,0.6914585344594627
29,Asia,SectionsAvg,0.7059149118067629
