,Region,Section,Alignment
75,Other,1,0.6132343836312193
76,Other,10,0.31186481695962553
77,Other,11,0.7518321806271159
78,Other,12,0.6825198700000544
79,Other,13,0.735137976642355
80,Other,2,0.7140221749100389
81,Other,3,0.6584722049773862
82,Other,4,0.8383937306654213
83,Other,5,0.7668114534330743
84,Other,6,0.5876606925679805
85,Other,7,0.7009483178390508
86,Other,8,0.7511561085689641
87,Other,9,0.709621885485371
88,Other,AllQuestions,0.668739920971181
89,Other,SectionsAvg,0.6785904458698198
