,Region,Section,Alignment
15,high,1,0.7968296815690143
16,high,10,0.747351768804838
17,high,11,0.8144695125410876
18,high,12,0.7674977328834056
19,high,13,0.7856125368371494
20,high,2,0.6180947752106559
21,high,3,0.6125387700467367
22,high,4,0.8693969299708744
23,high,5,0.7894207007309445
24,high,6,0.8303376886017342
25,high,7,0.7036427451527872
26,high,8,0.8886778573449684
27,high,9,0.8307961434727643
28,high,AllQuestions,0.7434047400639212
29,high,SectionsAvg,0.7734359110128431
