,Region,Section,Alignment
15,high,1,0.7941062777561381
16,high,10,0.747351768804838
17,high,11,0.8144695125410876
18,high,12,0.7674977328834056
19,high,13,0.7856125368371494
20,high,2,0.5912533439636851
21,high,3,0.6055039909891573
22,high,4,0.8603089930718207
23,high,5,0.7801228773410145
24,high,6,0.8303376886017342
25,high,7,0.7036427451527872
26,high,8,0.6660335720349054
27,high,9,0.8307961434727643
28,high,AllQuestions,0.7342421376084434
29,high,SectionsAvg,0.7520797833423453
