,Region,Section,Alignment
30,low,1,0.7562753225697391
31,low,10,0.7231776933656132
32,low,11,0.8434968267022503
33,low,12,0.7635131002663743
34,low,13,0.8539438719566855
35,low,2,0.5968850885642929
36,low,3,0.65267952276285
37,low,4,0.8053074645201003
38,low,5,0.8275299294932151
39,low,6,0.8584522856668264
40,low,7,0.7433208595422768
41,low,8,0.5796801274246588
42,low,9,0.8238978907929144
43,low,AllQuestions,0.7477095092445647
44,low,SectionsAvg,0.7560123064329075
