,Region,Section,Alignment
0,Other,1,0.7776413691131067
1,Other,10,0.6976318816122524
2,Other,11,0.8480659181172047
3,Other,12,0.8051172870460476
4,Other,13,0.8439816171633239
5,Other,2,0.6709532070486247
6,Other,3,0.5779092438770086
7,Other,4,0.8581564075922307
8,Other,5,0.7782114619186117
9,Other,6,0.8344415009229753
10,Other,7,0.7581202789302134
11,Other,8,0.6003541657077904
12,Other,9,0.8049174500209182
13,Other,AllQuestions,0.742709196215723
14,Other,SectionsAvg,0.7569801933194307
