,Region,Section,Alignment
0,Other,1,0.7821931463652678
1,Other,10,0.6976318816122524
2,Other,11,0.8480659181172047
3,Other,12,0.8051172870460476
4,Other,13,0.8439816171633239
5,Other,2,0.6985293624246954
6,Other,3,0.5881728402177832
7,Other,4,0.8802156229473219
8,Other,5,0.786455087330953
9,Other,6,0.8344415009229753
10,Other,7,0.7581202789302134
11,Other,8,0.8667847219025969
12,Other,9,0.8049174500209182
13,Other,AllQuestions,0.7542779584194671
14,Other,SectionsAvg,0.7840946459775078
