,Region,Section,Alignment
0,Other,1,0.6861588310510043
1,Other,10,0.5137202039210595
2,Other,11,0.7685158946853053
3,Other,12,0.6901094610401373
4,Other,13,0.7555717857358359
5,Other,2,0.7404452066039762
6,Other,3,0.6707920452393972
7,Other,4,0.8089565536976091
8,Other,5,0.7799550415238523
9,Other,6,0.6285208389864588
10,Other,7,0.7017850264350683
11,Other,8,0.7534875402790844
12,Other,9,0.7460266362030604
13,Other,AllQuestions,0.6992216869406555
14,Other,SectionsAvg,0.7104644193735741
