,Region,Section,Alignment
0,Other,1,0.6818893065879744
1,Other,10,0.5137202039210595
2,Other,11,0.7685158946853053
3,Other,12,0.6901094610401373
4,Other,13,0.7555717857358359
5,Other,2,0.7072500891796841
6,Other,3,0.6589015269729291
7,Other,4,0.7711487248906241
8,Other,5,0.7731459987758617
9,Other,6,0.6285208389864588
10,Other,7,0.7017850264350683
11,Other,8,0.26046262083725324
12,Other,9,0.7460266362030604
13,Other,AllQuestions,0.6811323785433325
14,Other,SectionsAvg,0.6640985027446535
