,Region,Section,Alignment
15,high,1,0.7539400258012848
16,high,10,0.6518552413236912
17,high,11,0.7702172014606489
18,high,12,0.7055592761215779
19,high,13,0.7860484603053793
20,high,2,0.7303999512547846
21,high,3,0.6879746507976521
22,high,4,0.8292297615930597
23,high,5,0.7796917024131192
24,high,6,0.6746287527676171
25,high,7,0.7206184292872351
26,high,8,0.7769665762699447
27,high,9,0.7693084596530446
28,high,AllQuestions,0.7290637070870231
29,high,SectionsAvg,0.7412644991576184
