,Region,Section,Alignment
15,high,1,0.7504010368200964
16,high,10,0.6518552413236912
17,high,11,0.7702172014606489
18,high,12,0.7055592761215779
19,high,13,0.7860484603053793
20,high,2,0.6982861428447671
21,high,3,0.6793386809790388
22,high,4,0.8008312644485498
23,high,5,0.7741087785581257
24,high,6,0.6746287527676171
25,high,7,0.7206184292872351
26,high,8,0.33089972880983376
27,high,9,0.7693084596530446
28,high,AllQuestions,0.7133038372534531
29,high,SectionsAvg,0.7009308810292004
