,Region,Section,Alignment
30,low,1,0.6426241056950068
31,low,10,0.3425980835741561
32,low,11,0.7473122398812106
33,low,12,0.6816971967529301
34,low,13,0.720267936286667
35,low,2,0.6977488901961988
36,low,3,0.6559176970548825
37,low,4,0.693994477303494
38,low,5,0.7640933408634735
39,low,6,0.5822290712514248
40,low,7,0.667254678083049
41,low,8,0.21394529082991323
42,low,9,0.7230945294852702
43,low,AllQuestions,0.6516018914873105
44,low,SectionsAvg,0.6255982720967442
