,Region,Section,Alignment
0,Other,1,0.66123699700235
1,Other,10,0.45265662931594514
2,Other,11,0.7661831069257664
3,Other,12,0.6938223960902585
4,Other,13,0.7447324890383941
5,Other,2,0.7081878931262132
6,Other,3,0.6436227941898096
7,Other,4,0.7580892321033996
8,Other,5,0.777443258511075
9,Other,6,0.6159718563477216
10,Other,7,0.7077874796568234
11,Other,8,0.2725570288572436
12,Other,9,0.709621885485371
13,Other,AllQuestions,0.6710806752200771
14,Other,SectionsAvg,0.6534203118579291
