,Region,Section,Alignment
0,Other,1,0.6665416197488985
1,Other,10,0.45265662931594514
2,Other,11,0.7661831069257664
3,Other,12,0.6938223960902585
4,Other,13,0.7447324890383941
5,Other,2,0.7409119038401344
6,Other,3,0.656750495139803
7,Other,4,0.8022713935487793
8,Other,5,0.7829013495409464
9,Other,6,0.6159718563477216
10,Other,7,0.7077874796568234
11,Other,8,0.7575190096190813
12,Other,9,0.709621885485371
13,Other,AllQuestions,0.6895152158148555
14,Other,SectionsAvg,0.7002971207183606
