,Region,Section,Alignment
10,Asia,1,0.7647295532283493
11,Asia,2,0.6772643338897604
12,Asia,3,0.6900836255478199
13,Asia,4,0.8041249803823236
14,Asia,5,0.8132058305386508
15,Asia,6,0.8499712406093527
16,Asia,7,0.7193082543832128
17,Asia,8,0.8069525257452698
18,Asia,AllQuestions,0.7656576917401432
19,Asia,SectionsAvg,0.7657050430405923
