,Region,Section,Alignment
9,Asia,1,0.7647295532283493
10,Asia,2,0.6772643338897604
11,Asia,3,0.6900836255478199
12,Asia,4,0.8041249803823236
13,Asia,5,0.8132058305386508
14,Asia,6,0.8499712406093527
15,Asia,7,0.7193082543832128
16,Asia,8,0.8069525257452698
17,Asia,Overall,0.7656576917401432
