,Region,Section,Alignment
20,Europe,1,0.7980216258133881
21,Europe,2,0.6403010596960825
22,Europe,3,0.6694253868276293
23,Europe,4,0.7990443573981234
24,Europe,5,0.7925745474153959
25,Europe,6,0.846975659843179
26,Europe,7,0.7045314982172446
27,Europe,8,0.7958951273972527
28,Europe,AllQuestions,0.7576484956727927
29,Europe,SectionsAvg,0.7558461578260371
