,Region,Section,Alignment
18,Europe,1,0.7980216258133881
19,Europe,2,0.6403010596960825
20,Europe,3,0.6694253868276293
21,Europe,4,0.7990443573981234
22,Europe,5,0.7925745474153959
23,Europe,6,0.846975659843179
24,Europe,7,0.7045314982172446
25,Europe,8,0.7958951273972527
26,Europe,Overall,0.7576484956727927
