,Region,Section,Alignment
27,North America,1,0.8088442124863027
28,North America,2,0.7124055186154958
29,North America,3,0.6863087665063992
30,North America,4,0.8252185565341565
31,North America,5,0.8307158741139178
32,North America,6,0.8568153961777502
33,North America,7,0.7564074380949227
34,North America,8,0.8123952598974665
35,North America,Overall,0.7798171204700199
