,Region,Section,Alignment
30,North America,1,0.8088442124863027
31,North America,2,0.7124055186154958
32,North America,3,0.6863087665063992
33,North America,4,0.8252185565341565
34,North America,5,0.8307158741139178
35,North America,6,0.8568153961777502
36,North America,7,0.7564074380949227
37,North America,8,0.8123952598974665
38,North America,AllQuestions,0.7798171204700199
39,North America,SectionsAvg,0.7861388778033013
