,Region,Section,Alignment
40,Oceania,1,0.7887732719942467
41,Oceania,2,0.6455678831477633
42,Oceania,3,0.6901427956895427
43,Oceania,4,0.7866007648081877
44,Oceania,5,0.7239786338306128
45,Oceania,6,0.8252135548013754
46,Oceania,7,0.7103811048238236
47,Oceania,8,0.7690714742553999
48,Oceania,AllQuestions,0.7465107894988994
49,Oceania,SectionsAvg,0.7424661854188691
