,Region,Section,Alignment
36,Oceania,1,0.7887732719942467
37,Oceania,2,0.6455678831477633
38,Oceania,3,0.6901427956895427
39,Oceania,4,0.7866007648081877
40,Oceania,5,0.7239786338306128
41,Oceania,6,0.8252135548013754
42,Oceania,7,0.7103811048238236
43,Oceania,8,0.7690714742553999
44,Oceania,Overall,0.7465107894988994
