,Region,Section,Alignment
50,Russia,1,0.8002524983617328
51,Russia,2,0.6352513447131525
52,Russia,3,0.6696413365666333
53,Russia,4,0.8325340289773883
54,Russia,5,0.8517402334300044
55,Russia,6,0.8459170457080282
56,Russia,7,0.7355899113114219
57,Russia,8,0.8338142643462891
58,Russia,AllQuestions,0.7792175966648894
59,Russia,SectionsAvg,0.7755925829268313
