,Region,Section,Alignment
45,Russia,1,0.8002524983617328
46,Russia,2,0.6352513447131525
47,Russia,3,0.6696413365666333
48,Russia,4,0.8325340289773883
49,Russia,5,0.8517402334300044
50,Russia,6,0.8459170457080282
51,Russia,7,0.7355899113114219
52,Russia,8,0.8338142643462891
53,Russia,Overall,0.7792175966648894
