,Region,Section,Alignment
60,South America,1,0.813381313575315
61,South America,2,0.7296295263892759
62,South America,3,0.6724536081552861
63,South America,4,0.8247235973135245
64,South America,5,0.8408673709657064
65,South America,6,0.8626786077048042
66,South America,7,0.775163571975256
67,South America,8,0.8170507751173469
68,South America,AllQuestions,0.7827400293863599
69,South America,SectionsAvg,0.7919935463995638
