,Region,Section,Alignment
15,high,1,0.7191133992571049
16,high,10,0.6349304328802491
17,high,11,0.7022603521289975
18,high,12,0.6912760828423213
19,high,13,0.7042553732787206
20,high,2,0.7355255034944235
21,high,3,0.552940040824315
22,high,4,0.7472515395636479
23,high,5,0.6591029595153042
24,high,6,0.7195095258420067
25,high,7,0.7442969265753194
26,high,8,0.769576305226478
27,high,9,0.7131295949979013
28,high,AllQuestions,0.6769876743165649
29,high,SectionsAvg,0.6994744643405222
