,Region,Section,Alignment
30,low,1,0.6137721392545088
31,low,10,0.3520509444121478
32,low,11,0.6500273671969256
33,low,12,0.7311603965875947
34,low,13,0.6731344691277908
35,low,2,0.6934445143483586
36,low,3,0.5145073659299303
37,low,4,0.6353123174456228
38,low,5,0.6678149483969591
39,low,6,0.701260018180985
40,low,7,0.6423548251302817
41,low,8,0.18748778343516254
42,low,9,0.6987681296084768
43,low,AllQuestions,0.6100635071081085
44,low,SectionsAvg,0.5970073245426727
