,Region,Section,Alignment
30,low,1,0.6214397263177476
31,low,10,0.3520509444121478
32,low,11,0.6500273671969256
33,low,12,0.7311603965875947
34,low,13,0.6731344691277908
35,low,2,0.7273824628897732
36,low,3,0.526991902126709
37,low,4,0.6774762977647861
38,low,5,0.6749957822821442
39,low,6,0.701260018180985
40,low,7,0.6423548251302817
41,low,8,0.7291625944783875
42,low,9,0.6987681296084768
43,low,AllQuestions,0.6299536638059963
44,low,SectionsAvg,0.6466311473925962
