,Region,Section,Alignment
0,Other,1,0.6380864076220135
1,Other,10,0.4519677940897642
2,Other,11,0.6841509687335644
3,Other,12,0.7070084572587658
4,Other,13,0.671095696745375
5,Other,2,0.7231761881934845
6,Other,3,0.5677823129733498
7,Other,4,0.7145495407877753
8,Other,5,0.6759243406258262
9,Other,6,0.7130663614448935
10,Other,7,0.6984311654809436
11,Other,8,0.7512001299799871
12,Other,9,0.679876558381891
13,Other,AllQuestions,0.6511407016982648
14,Other,SectionsAvg,0.6676284379284759
