,Region,Section,Alignment
0,Other,1,0.6306347923362928
1,Other,10,0.4519677940897642
2,Other,11,0.6841509687335644
3,Other,12,0.7070084572587658
4,Other,13,0.671095696745375
5,Other,2,0.693978281733223
6,Other,3,0.5551704755221871
7,Other,4,0.6680446335798332
8,Other,5,0.6772399604450592
9,Other,6,0.7130663614448935
10,Other,7,0.6984311654809436
11,Other,8,0.2536003899399613
12,Other,9,0.679876558381891
13,Other,AllQuestions,0.6325475910145709
14,Other,SectionsAvg,0.6202420027362356
