,Region,Section,Alignment
0,Africa,1,0.7220128844711778
1,Africa,2,0.7863975162097618
2,Africa,3,0.757027654674794
3,Africa,4,0.8236380419064616
4,Africa,5,0.8298983948060281
5,Africa,6,0.8920088103481535
6,Africa,7,0.7785125585783574
7,Africa,8,0.7729360526327115
8,Africa,AllQuestions,0.7719861247174002
9,Africa,SectionsAvg,0.7953039892034308
