,Region,Section,Alignment
9,Asia,1,0.7587399924281041
10,Asia,2,0.7312423284731111
11,Asia,3,0.740539781740896
12,Asia,4,0.8353523632779456
13,Asia,5,0.8172057200752958
14,Asia,6,0.8619535199256976
15,Asia,7,0.7668913571973518
16,Asia,8,0.7828379118976119
17,Asia,Overall,0.7729718345582607
