,Region,Section,Alignment
10,Asia,1,0.7587399924281041
11,Asia,2,0.7312423284731111
12,Asia,3,0.740539781740896
13,Asia,4,0.8353523632779456
14,Asia,5,0.8172057200752958
15,Asia,6,0.8619535199256976
16,Asia,7,0.7668913571973518
17,Asia,8,0.7828379118976119
18,Asia,AllQuestions,0.7729718345582607
19,Asia,SectionsAvg,0.7868453718770019
