,Region,Section,Alignment
18,Europe,1,0.7733539819106826
19,Europe,2,0.70183055182978
20,Europe,3,0.7410806291010398
21,Europe,4,0.859923497921433
22,Europe,5,0.8176623258541305
23,Europe,6,0.8609755405069666
24,Europe,7,0.796263824215405
25,Europe,8,0.7825670514653118
26,Europe,Overall,0.7766655833029108
