,Region,Section,Alignment
20,Europe,1,0.7733539819106826
21,Europe,2,0.70183055182978
22,Europe,3,0.7410806291010398
23,Europe,4,0.859923497921433
24,Europe,5,0.8176623258541305
25,Europe,6,0.8609755405069666
26,Europe,7,0.796263824215405
27,Europe,8,0.7825670514653118
28,Europe,AllQuestions,0.7766655833029108
29,Europe,SectionsAvg,0.7917071753505934
