,Region,Section,Alignment
30,North America,1,0.7696127656744979
31,North America,2,0.726440307827318
32,North America,3,0.7631042952119704
33,North America,4,0.8488623615367307
34,North America,5,0.8195486204229355
35,North America,6,0.8796455319455592
36,North America,7,0.80779016775363
37,North America,8,0.7980491789005975
38,North America,AllQuestions,0.7900152505904126
39,North America,SectionsAvg,0.8016316536591551
