,Region,Section,Alignment
40,Oceania,1,0.7411717760805703
41,Oceania,2,0.6757573636197151
42,Oceania,3,0.7440889251470965
43,Oceania,4,0.8632108087297331
44,Oceania,5,0.7767244924723614
45,Oceania,6,0.8344849430305558
46,Oceania,7,0.810391994913877
47,Oceania,8,0.7592163141937825
48,Oceania,AllQuestions,0.7606998313213789
49,Oceania,SectionsAvg,0.7756308272734614
