,Region,Section,Alignment
36,Oceania,1,0.7411717760805703
37,Oceania,2,0.6757573636197151
38,Oceania,3,0.7440889251470965
39,Oceania,4,0.8632108087297331
40,Oceania,5,0.7767244924723614
41,Oceania,6,0.8344849430305558
42,Oceania,7,0.810391994913877
43,Oceania,8,0.7592163141937825
44,Oceania,Overall,0.7606998313213789
