,Region,Section,Alignment
50,Russia,1,0.7919078691444824
51,Russia,2,0.7234041936140032
52,Russia,3,0.7509593373270812
53,Russia,4,0.854785818093407
54,Russia,5,0.867537642454573
55,Russia,6,0.8655429485907028
56,Russia,7,0.7840294012053529
57,Russia,8,0.8100150456000069
58,Russia,AllQuestions,0.7948026614820132
59,Russia,SectionsAvg,0.806022782003701
