,Region,Section,Alignment
60,South America,1,0.7613106576455804
61,South America,2,0.7431942549176086
62,South America,3,0.7546252234932895
63,South America,4,0.8575676760140981
64,South America,5,0.8364398898034195
65,South America,6,0.878230720933339
66,South America,7,0.8138517340920535
67,South America,8,0.804054393446693
68,South America,AllQuestions,0.7917774673621445
69,South America,SectionsAvg,0.80615931879326
