,Region,Section,Alignment
15,high,1,0.7395005118941372
16,high,10,0.7545038060469708
17,high,11,0.6543243616391994
18,high,12,0.7853192551760684
19,high,13,0.74521783708125
20,high,2,0.748151734694589
21,high,3,0.6930593979415379
22,high,4,0.7380508502587774
23,high,5,0.7411838382511714
24,high,6,0.8379148537027493
25,high,7,0.7894292287363932
26,high,8,0.6864660952666165
27,high,9,0.7647620224415306
28,high,AllQuestions,0.7380196519553751
29,high,SectionsAvg,0.7444525994716147
