,Region,Section,Alignment
30,low,1,0.6927043832382337
31,low,10,0.5928022705730185
32,low,11,0.5364907943464541
33,low,12,0.7656642637514028
34,low,13,0.8233159312471059
35,low,2,0.7685694958951234
36,low,3,0.7410115184914342
37,low,4,0.7628233268111387
38,low,5,0.8055583337220551
39,low,6,0.8650583137845895
40,low,7,0.7138768329013861
41,low,8,0.891077730553029
42,low,9,0.7818413506424365
43,low,AllQuestions,0.7292648168468178
44,low,SectionsAvg,0.7492918881505698
