,Region,Section,Alignment
0,Other,1,0.7122327367628432
1,Other,10,0.6236038938462879
2,Other,11,0.6046238406449304
3,Other,12,0.7906116200756735
4,Other,13,0.7922804662757381
5,Other,2,0.7540803941966856
6,Other,3,0.6827551972378832
7,Other,4,0.7890811270323108
8,Other,5,0.7959693268664153
9,Other,6,0.8637683603843745
10,Other,7,0.7635082958451959
11,Other,8,0.6550071128351502
12,Other,9,0.802767852427943
13,Other,AllQuestions,0.7273635860302542
14,Other,SectionsAvg,0.7392434688113096
