,Region,Section,Alignment
0,Other,1,0.7162438572040567
1,Other,10,0.6236038938462879
2,Other,11,0.6046238406449304
3,Other,12,0.7906116200756735
4,Other,13,0.7922804662757381
5,Other,2,0.7706944776852342
6,Other,3,0.6913545567791249
7,Other,4,0.8021384048129356
8,Other,5,0.797573840601118
9,Other,6,0.8637683603843745
10,Other,7,0.7635082958451959
11,Other,8,0.8850023709450501
12,Other,9,0.802767852427943
13,Other,AllQuestions,0.7366247300255926
14,Other,SectionsAvg,0.761170933675533
