,Region,Section,Alignment
15,Asia,1,0.6097172102928149
16,Asia,10,0.5228934272112324
17,Asia,11,0.6875261310382257
18,Asia,12,0.7129190855000876
19,Asia,13,0.6668257773310973
20,Asia,2,0.7036443360357002
21,Asia,3,0.5120954687629418
22,Asia,4,0.6801677806708727
23,Asia,5,0.6715703443806798
24,Asia,6,0.6803009098007103
25,Asia,7,0.7207018143428177
26,Asia,8,0.26869261068609934
27,Asia,9,0.6940761616212613
28,Asia,AllQuestions,0.6269820557765639
29,Asia,SectionsAvg,0.6254716198211185
