,Region,Section,Alignment
15,Asia,1,0.76472955322835
16,Asia,10,0.7132342217115121
17,Asia,11,0.8581919870375078
18,Asia,12,0.7816090214634269
19,Asia,13,0.8246168721451541
20,Asia,2,0.6772643338897605
21,Asia,3,0.6900836255478202
22,Asia,4,0.8041249803823233
23,Asia,5,0.8132058305386498
24,Asia,6,0.849971240609352
25,Asia,7,0.7193082543832128
26,Asia,8,0.8926446351324789
27,Asia,9,0.8039405692720862
28,Asia,AllQuestions,0.7656576917401436
29,Asia,SectionsAvg,0.784071163487818
