,Region,Section,Alignment
15,Asia,1,0.7612018873475265
16,Asia,10,0.7132342217115121
17,Asia,11,0.8581919870375078
18,Asia,12,0.7816090214634269
19,Asia,13,0.8246168721451541
20,Asia,2,0.6518912128813287
21,Asia,3,0.6831060536822914
22,Asia,4,0.7915507601753109
23,Asia,5,0.8112308015875219
24,Asia,6,0.849971240609352
25,Asia,7,0.7193082543832128
26,Asia,8,0.6779339053974369
27,Asia,9,0.8039405692720862
28,Asia,AllQuestions,0.7567327799564875
29,Asia,SectionsAvg,0.7636759067456668
