,Region,Section,Alignment
75,Other,1,0.7341713461347018
76,Other,10,0.5214942278239104
77,Other,11,0.8077125727113976
78,Other,12,0.7577715568776735
79,Other,13,0.841992849493377
80,Other,2,0.6314416113631514
81,Other,3,0.6772160239227395
82,Other,4,0.7475927853770374
83,Other,5,0.7901068260335056
84,Other,6,0.8315255153777085
85,Other,7,0.7456071305262219
86,Other,8,0.6392796089632354
87,Other,9,0.803418497090831
88,Other,AllQuestions,0.7331815720567115
89,Other,SectionsAvg,0.7330254270534994
