,Region,Section,Alignment
75,Other,1,0.7377101693789542
76,Other,10,0.5214942278239104
77,Other,11,0.8077125727113976
78,Other,12,0.7577715568776735
79,Other,13,0.841992849493377
80,Other,2,0.663919337557674
81,Other,3,0.6831362939397556
82,Other,4,0.7640965023659431
83,Other,5,0.7916009194021612
84,Other,6,0.8315255153777085
85,Other,7,0.7456071305262219
86,Other,8,0.8797598696544119
87,Other,9,0.803418497090831
88,Other,AllQuestions,0.7427808237743831
89,Other,SectionsAvg,0.7561342647846169
