,Region,Section,Alignment
9,Asia,1,0.7626523443922882
10,Asia,2,0.7111721490301511
11,Asia,3,0.6347932212603601
12,Asia,4,0.8590172128252809
13,Asia,5,0.7619438031360766
14,Asia,6,0.7447469203192802
15,Asia,7,0.6971822068499783
16,Asia,8,0.7856065334486684
17,Asia,Overall,0.7399247918525402
