,Region,Section,Alignment
10,Asia,1,0.7626523443922882
11,Asia,2,0.7111721490301511
12,Asia,3,0.6347932212603601
13,Asia,4,0.8590172128252809
14,Asia,5,0.7619438031360766
15,Asia,6,0.7447469203192802
16,Asia,7,0.6971822068499783
17,Asia,8,0.7856065334486684
18,Asia,AllQuestions,0.7399247918525402
19,Asia,SectionsAvg,0.7446392989077607
