,Region,Section,Alignment
20,Europe,1,0.8220173646484451
21,Europe,2,0.6769149261827242
22,Europe,3,0.647077483228796
23,Europe,4,0.881189444249437
24,Europe,5,0.7349033322378387
25,Europe,6,0.7326245451889603
26,Europe,7,0.7318963112590237
27,Europe,8,0.7898885518370299
28,Europe,AllQuestions,0.7531221991715152
29,Europe,SectionsAvg,0.752063994854032
