,Region,Section,Alignment
18,Europe,1,0.8220173646484451
19,Europe,2,0.6769149261827242
20,Europe,3,0.647077483228796
21,Europe,4,0.881189444249437
22,Europe,5,0.7349033322378387
23,Europe,6,0.7326245451889603
24,Europe,7,0.7318963112590237
25,Europe,8,0.7898885518370299
26,Europe,Overall,0.7531221991715152
