,Region,Section,Alignment
27,North America,1,0.8368137516587527
28,North America,2,0.7439744968140725
29,North America,3,0.6816400657446032
30,North America,4,0.8744343828028723
31,North America,5,0.7687337845539521
32,North America,6,0.760158839296373
33,North America,7,0.7341723090114918
34,North America,8,0.8110675176475113
35,North America,Overall,0.7766277617086043
