,Region,Section,Alignment
36,Oceania,1,0.8311651638323733
37,Oceania,2,0.6817349985018423
38,Oceania,3,0.6575397301687909
39,Oceania,4,0.8649197199480265
40,Oceania,5,0.6763807531601917
41,Oceania,6,0.8075892798065175
42,Oceania,7,0.7483002349904986
43,Oceania,8,0.7752002376849391
44,Oceania,Overall,0.7530782686418153
