,Region,Section,Alignment
40,Oceania,1,0.8311651638323733
41,Oceania,2,0.6817349985018423
42,Oceania,3,0.6575397301687909
43,Oceania,4,0.8649197199480265
44,Oceania,5,0.6763807531601917
45,Oceania,6,0.8075892798065175
46,Oceania,7,0.7483002349904986
47,Oceania,8,0.7752002376849391
48,Oceania,AllQuestions,0.7530782686418153
49,Oceania,SectionsAvg,0.7553537647616475
