,Region,Section,Alignment
45,Russia,1,0.8057429337451676
46,Russia,2,0.6707838958379324
47,Russia,3,0.6499451430251516
48,Russia,4,0.8945414205086845
49,Russia,5,0.7944857570729744
50,Russia,6,0.6764325882163135
51,Russia,7,0.7078002836076388
52,Russia,8,0.7995100087836255
53,Russia,Overall,0.7531844716662407
