,Region,Section,Alignment
50,Russia,1,0.8057429337451676
51,Russia,2,0.6707838958379324
52,Russia,3,0.6499451430251516
53,Russia,4,0.8945414205086845
54,Russia,5,0.7944857570729744
55,Russia,6,0.6764325882163135
56,Russia,7,0.7078002836076388
57,Russia,8,0.7995100087836255
58,Russia,AllQuestions,0.7531844716662407
59,Russia,SectionsAvg,0.749905253849686
