,Region,Section,Alignment
60,South America,1,0.8348966597002377
61,South America,2,0.7542032128533717
62,South America,3,0.6667548285982758
63,South America,4,0.889818346866416
64,South America,5,0.783431917054697
65,South America,6,0.7318903115554369
66,South America,7,0.736666968056883
67,South America,8,0.8104446533363938
68,South America,AllQuestions,0.7736277943092869
69,South America,SectionsAvg,0.7760133622527148
