,Region,Section,Alignment
54,South America,1,0.8348966597002377
55,South America,2,0.7542032128533717
56,South America,3,0.6667548285982758
57,South America,4,0.889818346866416
58,South America,5,0.783431917054697
59,South America,6,0.7318903115554369
60,South America,7,0.736666968056883
61,South America,8,0.8104446533363938
62,South America,Overall,0.7736277943092869
