,Region,Section,Alignment
0,Other,1,0.6564407889045273
1,Other,10,0.5085449563950264
2,Other,11,0.689544859603729
3,Other,12,0.7003392384831071
4,Other,13,0.6805473844233494
5,Other,2,0.7309891783311043
6,Other,3,0.56050035145741
7,Other,4,0.7252549177501456
8,Other,5,0.6721736832145997
9,Other,6,0.7226575433742426
10,Other,7,0.7050953872998448
11,Other,8,0.7466939978239112
12,Other,9,0.7004576405792532
13,Other,AllQuestions,0.6571838468537811
14,Other,SectionsAvg,0.6764832369802178
