,Region,Section,Alignment
0,Other,1,0.649622871758872
1,Other,10,0.5085449563950264
2,Other,11,0.689544859603729
3,Other,12,0.7003392384831071
4,Other,13,0.6805473844233494
5,Other,2,0.7011871585796401
6,Other,3,0.5489284684135514
7,Other,4,0.6850544675905208
8,Other,5,0.6708572056779076
9,Other,6,0.7226575433742426
10,Other,7,0.7050953872998448
11,Other,8,0.24008199347173376
12,Other,9,0.7004576405792532
13,Other,AllQuestions,0.6387607223778218
14,Other,SectionsAvg,0.6293830113977843
