,Region,Section,Alignment
15,Asia,1,0.7601247848556382
16,Asia,10,0.7193904535619413
17,Asia,11,0.8530216784151418
18,Asia,12,0.7360122451650496
19,Asia,13,0.8097987261987666
20,Asia,2,0.6902520457959322
21,Asia,3,0.6261158598737587
22,Asia,4,0.8478231515629039
23,Asia,5,0.760832319504222
24,Asia,6,0.7447469203192808
25,Asia,7,0.6971822068499784
26,Asia,8,0.5194913770343585
27,Asia,9,0.8174179806009121
28,Asia,AllQuestions,0.7283799946702337
29,Asia,SectionsAvg,0.7370930576721448
