,Region,Section,Alignment
15,Asia,1,0.7626523443922879
16,Asia,10,0.7193904535619413
17,Asia,11,0.8530216784151418
18,Asia,12,0.7360122451650496
19,Asia,13,0.8097987261987666
20,Asia,2,0.7111721490301508
21,Asia,3,0.6347932212603606
22,Asia,4,0.8590172128252815
23,Asia,5,0.7619438031360765
24,Asia,6,0.7447469203192808
25,Asia,7,0.6971822068499784
26,Asia,8,0.8398304590114528
27,Asia,9,0.8174179806009121
28,Asia,AllQuestions,0.7399247918525405
29,Asia,SectionsAvg,0.765152261597437
