,Region,Section,Alignment
75,Other,1,0.7364859372336068
76,Other,10,0.5828384923923109
77,Other,11,0.8046281989568124
78,Other,12,0.7491687766804515
79,Other,13,0.8261461066670555
80,Other,2,0.6705467666239798
81,Other,3,0.6371173626777882
82,Other,4,0.8639375088670117
83,Other,5,0.7214968518324584
84,Other,6,0.6756866149486199
85,Other,7,0.699421397770326
86,Other,8,0.52692070138452
87,Other,9,0.8149066518286889
88,Other,AllQuestions,0.7147744871220632
89,Other,SectionsAvg,0.7161001052202792
