,Region,Section,Alignment
9,Asia,1,0.6458396357797562
10,Asia,2,0.7413090427115545
11,Asia,3,0.6629579288062358
12,Asia,4,0.7961783777050973
13,Asia,5,0.7819486623883039
14,Asia,6,0.6205949044391988
15,Asia,7,0.7098321294381956
16,Asia,8,0.7042196738524384
17,Asia,Overall,0.6914585344594631
