,Region,Section,Alignment
18,Europe,1,0.7427046260313425
19,Europe,2,0.7301120998506057
20,Europe,3,0.6824615283313877
21,Europe,4,0.8268922975692353
22,Europe,5,0.7876252543529471
23,Europe,6,0.6593739882871741
24,Europe,7,0.7225588949706938
25,Europe,8,0.7342830124428683
26,Europe,Overall,0.7250153206616555
