,Region,Section,Alignment
36,Oceania,1,0.7924659099296713
37,Oceania,2,0.7187605956832186
38,Oceania,3,0.7084168583804566
39,Oceania,4,0.8453689750696652
40,Oceania,5,0.759029558412697
41,Oceania,6,0.7319729795421515
42,Oceania,7,0.7206365212249349
43,Oceania,8,0.7424773759844949
44,Oceania,Overall,0.7425797692028883
