,Region,Section,Alignment
45,Russia,1,0.684941031147739
46,Russia,2,0.7478623373898453
47,Russia,3,0.6622113917322207
48,Russia,4,0.8002600042976961
49,Russia,5,0.800733892105863
50,Russia,6,0.6054969503214159
51,Russia,7,0.7253656461961483
52,Russia,8,0.7160930337293842
53,Russia,Overall,0.703668251037055
