,Region,Section,Alignment
9,Asia,1,0.7772040124777198
10,Asia,2,0.6453947353087565
11,Asia,3,0.6137499143483096
12,Asia,4,0.8555932733242775
13,Asia,5,0.8171473140297847
14,Asia,6,0.8219703748762561
15,Asia,7,0.7125170614125715
16,Asia,8,0.8074773062451606
17,Asia,Overall,0.7502182182541118
