,Region,Section,Alignment
10,Asia,1,0.7772040124777198
11,Asia,2,0.6453947353087565
12,Asia,3,0.6137499143483096
13,Asia,4,0.8555932733242775
14,Asia,5,0.8171473140297847
15,Asia,6,0.8219703748762561
16,Asia,7,0.7125170614125715
17,Asia,8,0.8074773062451606
18,Asia,AllQuestions,0.7502182182541118
19,Asia,SectionsAvg,0.7563817490028547
