,Region,Section,Alignment
18,Europe,1,0.7955972667442605
19,Europe,2,0.6103087914661088
20,Europe,3,0.6005436349326362
21,Europe,4,0.8696289062946412
22,Europe,5,0.7972155950927816
23,Europe,6,0.8222866486804118
24,Europe,7,0.6896783717310093
25,Europe,8,0.7896715088024807
26,Europe,Overall,0.7389521582633283
