,Region,Section,Alignment
20,Europe,1,0.7955972667442605
21,Europe,2,0.6103087914661088
22,Europe,3,0.6005436349326362
23,Europe,4,0.8696289062946412
24,Europe,5,0.7972155950927816
25,Europe,6,0.8222866486804118
26,Europe,7,0.6896783717310093
27,Europe,8,0.7896715088024807
28,Europe,AllQuestions,0.7389521582633283
29,Europe,SectionsAvg,0.7468663404680413
