,Region,Section,Alignment
27,North America,1,0.8132380534940313
28,North America,2,0.6802034167128905
29,North America,3,0.6159018114854535
30,North America,4,0.8780937258020328
31,North America,5,0.8088608956871757
32,North America,6,0.8532645165121159
33,North America,7,0.7408921876645609
34,North America,8,0.8115916309595448
35,North America,Overall,0.7633827839283076
