,Region,Section,Alignment
40,Oceania,1,0.7857626657614593
41,Oceania,2,0.6130675097326541
42,Oceania,3,0.6305428800477936
43,Oceania,4,0.8858806700393289
44,Oceania,5,0.7587389540901395
45,Oceania,6,0.8325931923437372
46,Oceania,7,0.6932501972677229
47,Oceania,8,0.7579924845421258
48,Oceania,AllQuestions,0.7307066498960508
49,Oceania,SectionsAvg,0.7447285692281203
