,Region,Section,Alignment
36,Oceania,1,0.7857626657614593
37,Oceania,2,0.6130675097326541
38,Oceania,3,0.6305428800477936
39,Oceania,4,0.8858806700393289
40,Oceania,5,0.7587389540901395
41,Oceania,6,0.8325931923437372
42,Oceania,7,0.6932501972677229
43,Oceania,8,0.7579924845421258
44,Oceania,Overall,0.7307066498960508
