,Region,Section,Alignment
50,Russia,1,0.8040435144064221
51,Russia,2,0.603794257583211
52,Russia,3,0.5971293068813638
53,Russia,4,0.8632478213994512
54,Russia,5,0.8316329647534996
55,Russia,6,0.8048961785848329
56,Russia,7,0.7307615209112386
57,Russia,8,0.8159004089095334
58,Russia,AllQuestions,0.7539569750889873
59,Russia,SectionsAvg,0.756425746678694
