,Region,Section,Alignment
45,Russia,1,0.8040435144064221
46,Russia,2,0.603794257583211
47,Russia,3,0.5971293068813638
48,Russia,4,0.8632478213994512
49,Russia,5,0.8316329647534996
50,Russia,6,0.8048961785848329
51,Russia,7,0.7307615209112386
52,Russia,8,0.8159004089095334
53,Russia,Overall,0.7539569750889873
