,Region,Section,Alignment
60,South America,1,0.8219069720845829
61,South America,2,0.6972678729085772
62,South America,3,0.596407702958074
63,South America,4,0.8844209604129927
64,South America,5,0.8077693083529887
65,South America,6,0.8376231486785287
66,South America,7,0.7602844977414881
67,South America,8,0.8202680556143975
68,South America,AllQuestions,0.7664095071156273
69,South America,SectionsAvg,0.7782435648439537
