,Region,Section,Alignment
9,Asia,1,0.6168180947143148
10,Asia,2,0.7339328545212213
11,Asia,3,0.5233843858643056
12,Asia,4,0.7143062755817013
13,Asia,5,0.6730897774314003
14,Asia,6,0.6803009098007101
15,Asia,7,0.7207018143428172
16,Asia,8,0.6778152669322639
17,Asia,Overall,0.6449586780206694
