,Region,Section,Alignment
10,Asia,1,0.6168180947143148
11,Asia,2,0.7339328545212213
12,Asia,3,0.5233843858643056
13,Asia,4,0.7143062755817013
14,Asia,5,0.6730897774314003
15,Asia,6,0.6803009098007101
16,Asia,7,0.7207018143428172
17,Asia,8,0.6778152669322639
18,Asia,AllQuestions,0.6449586780206694
19,Asia,SectionsAvg,0.6675436723985918
