,Region,Section,Alignment
18,Europe,1,0.710367181455797
19,Europe,2,0.7351210269802446
20,Europe,3,0.5557382203807503
21,Europe,4,0.7456699885496265
22,Europe,5,0.6688073975742396
23,Europe,6,0.7340647075700032
24,Europe,7,0.7518620532351633
25,Europe,8,0.6975439139913715
26,Europe,Overall,0.6787148085103706
