,Region,Section,Alignment
20,Europe,1,0.710367181455797
21,Europe,2,0.7351210269802446
22,Europe,3,0.5557382203807503
23,Europe,4,0.7456699885496265
24,Europe,5,0.6688073975742396
25,Europe,6,0.7340647075700032
26,Europe,7,0.7518620532351633
27,Europe,8,0.6975439139913715
28,Europe,AllQuestions,0.6787148085103706
29,Europe,SectionsAvg,0.6998968112171493
