,Region,Section,Alignment
27,North America,1,0.705942944207917
28,North America,2,0.7364901786199343
29,North America,3,0.5954397864049751
30,North America,4,0.7174407858649633
31,North America,5,0.6755121729681537
32,North America,6,0.7005728969301462
33,North America,7,0.6910313643941278
34,North America,8,0.684836282857643
35,North America,Overall,0.6737309140656771
