,Region,Section,Alignment
30,North America,1,0.705942944207917
31,North America,2,0.7364901786199343
32,North America,3,0.5954397864049751
33,North America,4,0.7174407858649633
34,North America,5,0.6755121729681537
35,North America,6,0.7005728969301462
36,North America,7,0.6910313643941278
37,North America,8,0.684836282857643
38,North America,AllQuestions,0.6737309140656771
39,North America,SectionsAvg,0.6884083015309824
