,Region,Section,Alignment
36,Oceania,1,0.7501669801825248
37,Oceania,2,0.7348469085637536
38,Oceania,3,0.5492610221023354
39,Oceania,4,0.7636792446752185
40,Oceania,5,0.6287200041840341
41,Oceania,6,0.7251397818557019
42,Oceania,7,0.7489423561350594
43,Oceania,8,0.6854833070812593
44,Oceania,Overall,0.6769978312964806
