,Region,Section,Alignment
40,Oceania,1,0.7501669801825248
41,Oceania,2,0.7348469085637536
42,Oceania,3,0.5492610221023353
43,Oceania,4,0.7636792446752185
44,Oceania,5,0.6287200041840341
45,Oceania,6,0.7251397818557019
46,Oceania,7,0.7489423561350594
47,Oceania,8,0.6854833070812593
48,Oceania,AllQuestions,0.6769978312964806
49,Oceania,SectionsAvg,0.6982799505974858
