,Region,Section,Alignment
50,Russia,1,0.6597593715009619
51,Russia,2,0.7467182820949696
52,Russia,3,0.5481106219856466
53,Russia,4,0.7108310849243262
54,Russia,5,0.6950862380094283
55,Russia,6,0.7451393447316731
56,Russia,7,0.7377196712010646
57,Russia,8,0.6944881435225388
58,Russia,AllQuestions,0.6685091780137776
59,Russia,SectionsAvg,0.6922315947463262
