,Region,Section,Alignment
45,Russia,1,0.6597593715009619
46,Russia,2,0.7467182820949696
47,Russia,3,0.5481106219856466
48,Russia,4,0.7108310849243262
49,Russia,5,0.6950862380094283
50,Russia,6,0.7451393447316731
51,Russia,7,0.7377196712010646
52,Russia,8,0.6944881435225388
53,Russia,Overall,0.6685091780137776
