,Region,Section,Alignment
60,South America,1,0.7154128059697492
61,South America,2,0.7389950691946024
62,South America,3,0.5923371281746325
63,South America,4,0.7185197398491034
64,South America,5,0.6894286428306727
65,South America,6,0.7003481328308423
66,South America,7,0.6964153397970361
67,South America,8,0.683959136743227
68,South America,AllQuestions,0.6752449635615358
69,South America,SectionsAvg,0.6919269994237335
