,Region,Section,Alignment
54,South America,1,0.7154128059697492
55,South America,2,0.7389950691946024
56,South America,3,0.5923371281746325
57,South America,4,0.7185197398491034
58,South America,5,0.6894286428306727
59,South America,6,0.7003481328308423
60,South America,7,0.6964153397970361
61,South America,8,0.683959136743227
62,South America,Overall,0.6752449635615358
