,Region,Section,Alignment
15,Asia,1,0.773265557184482
16,Asia,10,0.7389255403130282
17,Asia,11,0.859028240195585
18,Asia,12,0.768432332889786
19,Asia,13,0.8367810439051765
20,Asia,2,0.6168406269923101
21,Asia,3,0.6044901645425464
22,Asia,4,0.8439220771075573
23,Asia,5,0.8101368182736958
24,Asia,6,0.8219703748762561
25,Asia,7,0.7125170614125717
26,Asia,8,0.6272387194535721
27,Asia,9,0.813765743241125
28,Asia,AllQuestions,0.7396190279047022
29,Asia,SectionsAvg,0.7559472538759764
