,Region,Section,Alignment
15,Asia,1,0.7772040124777195
16,Asia,10,0.7389255403130282
17,Asia,11,0.859028240195585
18,Asia,12,0.768432332889786
19,Asia,13,0.8367810439051765
20,Asia,2,0.645394735308756
21,Asia,3,0.6137499143483096
22,Asia,4,0.8555932733242779
23,Asia,5,0.8171473140297844
24,Asia,6,0.8219703748762561
25,Asia,7,0.7125170614125717
26,Asia,8,0.8757462398178574
27,Asia,9,0.813765743241125
28,Asia,AllQuestions,0.7502182182541118
29,Asia,SectionsAvg,0.7797119866261718
