,Region,Section,Alignment
75,Other,1,0.7441771260917
76,Other,10,0.6107450873458282
77,Other,11,0.8176632986199429
78,Other,12,0.8135290661686613
79,Other,13,0.8542833921547486
80,Other,2,0.6319926775815227
81,Other,3,0.6103845764799463
82,Other,4,0.9153391272427913
83,Other,5,0.763707740263519
84,Other,6,0.797893791103516
85,Other,7,0.7340285242038682
86,Other,8,0.860176337509057
87,Other,9,0.8049174500209182
88,Other,AllQuestions,0.7420079248255257
89,Other,SectionsAvg,0.7660644765220016
