,Region,Section,Alignment
15,high,1,0.7952109272105182
16,high,10,0.7776267290504927
17,high,11,0.8174117764799462
18,high,12,0.7847690361414567
19,high,13,0.7662320394960506
20,high,2,0.6257418662657016
21,high,3,0.6743225171102879
22,high,4,0.7843627110412614
23,high,5,0.7752943588541333
24,high,6,0.8444334819010457
25,high,7,0.7203498538602857
26,high,8,0.7054901242136249
27,high,9,0.8126856623720536
28,high,AllQuestions,0.7531804523855054
29,high,SectionsAvg,0.7603023910766814
