,Region,Section,Alignment
30,low,1,0.7614722892685497
31,low,10,0.6478605785020416
32,low,11,0.8366476877377156
33,low,12,0.7727764287206169
34,low,13,0.8291212782161204
35,low,2,0.6487019392789143
36,low,3,0.7364931005634737
37,low,4,0.7482529152589363
38,low,5,0.8415009705591198
39,low,6,0.8820763333100984
40,low,7,0.7287149136711715
41,low,8,0.8805467981241575
42,low,9,0.783119837000379
43,low,AllQuestions,0.7680711699685038
44,low,SectionsAvg,0.7767142361700995
