,Region,Section,Alignment
30,low,1,0.7585445269964753
31,low,10,0.6478605785020416
32,low,11,0.8366476877377156
33,low,12,0.7727764287206169
34,low,13,0.8291212782161204
35,low,2,0.6192084237738003
36,low,3,0.7304354183158636
37,low,4,0.7332000185652896
38,low,5,0.837614701115081
39,low,6,0.8820763333100984
40,low,7,0.7287149136711715
41,low,8,0.6416403943724723
42,low,9,0.783119837000379
43,low,AllQuestions,0.7586516193668176
44,low,SectionsAvg,0.7539200415613173
