,Region,Section,Alignment
0,Other,1,0.7764476652731267
1,Other,10,0.6353345203965779
2,Other,11,0.8458450707727826
3,Other,12,0.7934509029743125
4,Other,13,0.8284185227686477
5,Other,2,0.7254037232319371
6,Other,3,0.6611168971300475
7,Other,4,0.8051840594465584
8,Other,5,0.8270558080605587
9,Other,6,0.859691755823086
10,Other,7,0.7636021659818689
11,Other,8,0.8809571565697075
12,Other,9,0.803418497090831
13,Other,AllQuestions,0.7649612308426463
14,Other,SectionsAvg,0.7855125303818599
