,Region,Section,Alignment
0,Other,1,0.7732947886410895
1,Other,10,0.6353345203965779
2,Other,11,0.8458450707727826
3,Other,12,0.7934509029743125
4,Other,13,0.8284185227686477
5,Other,2,0.7004942377766737
6,Other,3,0.6552357265332699
7,Other,4,0.7875724963441587
8,Other,5,0.8254229363046945
9,Other,6,0.859691755823086
10,Other,7,0.7636021659818689
11,Other,8,0.6428714697091227
12,Other,9,0.803418497090831
13,Other,AllQuestions,0.7556838533207525
14,Other,SectionsAvg,0.7622025940870791
