,Region,Section,Alignment
0,Other,1,0.7883794188194653
1,Other,10,0.7230949463542937
2,Other,11,0.8382175640289421
3,Other,12,0.7631607353679208
4,Other,13,0.8177157055678885
5,Other,2,0.7207311233433772
6,Other,3,0.6477115480375879
7,Other,4,0.8650562295190363
8,Other,5,0.7507210554480322
9,Other,6,0.7433386995955472
10,Other,7,0.6975638833086506
11,Other,8,0.8393143599754762
12,Other,9,0.8240078852614535
13,Other,AllQuestions,0.749550995130307
14,Other,SectionsAvg,0.7700359927221054
