,Region,Section,Alignment
0,Other,1,0.7860841144043396
1,Other,10,0.7230949463542937
2,Other,11,0.8382175640289421
3,Other,12,0.7631607353679208
4,Other,13,0.8177157055678885
5,Other,2,0.6987166653484657
6,Other,3,0.6388887622846368
7,Other,4,0.8507998392164499
8,Other,5,0.7492150479675541
9,Other,6,0.7433386995955472
10,Other,7,0.6975638833086506
11,Other,8,0.5179430799264287
12,Other,9,0.8240078852614535
13,Other,AllQuestions,0.7379676319512745
14,Other,SectionsAvg,0.7407721846011872
