,Region,Section,Alignment
15,Asia,1,0.704144246456839
16,Asia,10,0.7001053451837659
17,Asia,11,0.6165869106181392
18,Asia,12,0.7655472166552874
19,Asia,13,0.7916701428612942
20,Asia,2,0.7776505588807529
21,Asia,3,0.7067502711814149
22,Asia,4,0.7855365675377238
23,Asia,5,0.7791644564040138
24,Asia,6,0.8385869353640144
25,Asia,7,0.750826274814285
26,Asia,8,0.8876276379403412
27,Asia,9,0.7771387840649058
28,Asia,AllQuestions,0.7364389694357134
29,Asia,SectionsAvg,0.7601027190740598
