,Region,Section,Alignment
15,Asia,1,0.6991528980221072
16,Asia,10,0.7001053451837659
17,Asia,11,0.6165869106181392
18,Asia,12,0.7655472166552874
19,Asia,13,0.7916701428612942
20,Asia,2,0.7647238973127287
21,Asia,3,0.6984753573285678
22,Asia,4,0.7604251930722374
23,Asia,5,0.7762650895440405
24,Asia,6,0.8385869353640144
25,Asia,7,0.750826274814285
26,Asia,8,0.6628829138210235
27,Asia,9,0.7771387840649058
28,Asia,AllQuestions,0.7270077065238817
29,Asia,SectionsAvg,0.7386451506663382
