,Region,Section,Alignment
75,Other,1,0.685326272572968
76,Other,10,0.5211753992123543
77,Other,11,0.5492161722562362
78,Other,12,0.7606803018064279
79,Other,13,0.8040619287039708
80,Other,2,0.7572633769437961
81,Other,3,0.6914132097805836
82,Other,4,0.7502690784808651
83,Other,5,0.7551842212250396
84,Other,6,0.8305460799386029
85,Other,7,0.7470409058161098
86,Other,8,0.6526566853604822
87,Other,9,0.802767852427943
88,Other,AllQuestions,0.7069509151492779
89,Other,SectionsAvg,0.7159693449634907
