,Region,Section,Alignment
75,Other,1,0.6892160294221974
76,Other,10,0.5211753992123543
77,Other,11,0.5492161722562362
78,Other,12,0.7606803018064279
79,Other,13,0.8040619287039708
80,Other,2,0.7779171758640764
81,Other,3,0.699252346877689
82,Other,4,0.7651988180409595
83,Other,5,0.7558624819029354
84,Other,6,0.8305460799386029
85,Other,7,0.7470409058161098
86,Other,8,0.8842188951201607
87,Other,9,0.802767852427943
88,Other,AllQuestions,0.716160077466529
89,Other,SectionsAvg,0.7374734144145895
