,Region,Section,Alignment
0,Other,1,0.7513355669977823
1,Other,10,0.6641358708157741
2,Other,11,0.7900362708938714
3,Other,12,0.8124787681926519
4,Other,13,0.7917454424548565
5,Other,2,0.7061707251288342
6,Other,3,0.7303933495147639
7,Other,4,0.8218747598064942
8,Other,5,0.8217497289395174
9,Other,6,0.8785119044615887
10,Other,7,0.7741866438652225
11,Other,8,0.7338941132503011
12,Other,9,0.6937828880161859
13,Other,AllQuestions,0.7672868769731022
14,Other,SectionsAvg,0.769819311987131
