,Region,Section,Alignment
0,Other,1,0.7568457477685295
1,Other,10,0.6641358708157741
2,Other,11,0.7900362708938714
3,Other,12,0.8124787681926519
4,Other,13,0.7917454424548565
5,Other,2,0.7229395080737707
6,Other,3,0.7400386378622312
7,Other,4,0.8566866041637587
8,Other,5,0.8247216960427429
9,Other,6,0.8785119044615887
10,Other,7,0.7741866438652225
11,Other,8,0.9112980377501003
12,Other,9,0.6937828880161859
13,Other,AllQuestions,0.7762124118320468
14,Other,SectionsAvg,0.7892855118431398
