,Region,Section,Alignment
10,Asia,1,0.6458396357797562
11,Asia,2,0.7413090427115545
12,Asia,3,0.6629579288062358
13,Asia,4,0.7961783777050973
14,Asia,5,0.7819486623883039
15,Asia,6,0.6205949044391988
16,Asia,7,0.7098321294381956
17,Asia,8,0.7042196738524384
18,Asia,AllQuestions,0.6914585344594631
19,Asia,SectionsAvg,0.7078600443900975
