,Region,Section,Alignment
20,Europe,1,0.7427046260313425
21,Europe,2,0.7301120998506057
22,Europe,3,0.6824615283313877
23,Europe,4,0.8268922975692353
24,Europe,5,0.7876252543529471
25,Europe,6,0.6593739882871741
26,Europe,7,0.7225588949706938
27,Europe,8,0.7342830124428683
28,Europe,AllQuestions,0.7250153206616555
29,Europe,SectionsAvg,0.735751462729532
