,Region,Section,Alignment
27,North America,1,0.739460945807728
28,North America,2,0.7347815824550281
29,North America,3,0.6825406880816859
30,North America,4,0.7979720275922408
31,North America,5,0.7796289489556206
32,North America,6,0.6669322055639407
33,North America,7,0.6970390453344296
34,North America,8,0.7210581486526416
35,North America,Overall,0.7162585283753595
