,Region,Section,Alignment
30,North America,1,0.739460945807728
31,North America,2,0.7347815824550281
32,North America,3,0.6825406880816859
33,North America,4,0.7979720275922408
34,North America,5,0.7796289489556206
35,North America,6,0.6669322055639407
36,North America,7,0.6970390453344296
37,North America,8,0.7210581486526416
38,North America,AllQuestions,0.7162585283753595
39,North America,SectionsAvg,0.7274266990554147
