,Region,Section,Alignment
50,Russia,1,0.684941031147739
51,Russia,2,0.7478623373898453
52,Russia,3,0.6622113917322207
53,Russia,4,0.8002600042976961
54,Russia,5,0.800733892105863
55,Russia,6,0.6054969503214159
56,Russia,7,0.7253656461961483
57,Russia,8,0.7160930337293842
58,Russia,AllQuestions,0.703668251037055
59,Russia,SectionsAvg,0.7178705358650392
