,Region,Section,Alignment
60,South America,1,0.7454157625336623
61,South America,2,0.7477847755169639
62,South America,3,0.6693945273686976
63,South America,4,0.8052497735214267
64,South America,5,0.7930665858069951
65,South America,6,0.6314602203225714
66,South America,7,0.7026550700139099
67,South America,8,0.7150206152361418
68,South America,AllQuestions,0.7122474943937877
69,South America,SectionsAvg,0.7262559162900455
