,Region,Section,Alignment
54,South America,1,0.7454157625336623
55,South America,2,0.7477847755169639
56,South America,3,0.6693945273686976
57,South America,4,0.8052497735214267
58,South America,5,0.7930665858069951
59,South America,6,0.6314602203225714
60,South America,7,0.7026550700139099
61,South America,8,0.7150206152361418
62,South America,Overall,0.7122474943937877
