,Region,Section,Alignment
15,Asia,1,0.7587399924281044
16,Asia,10,0.702378891514934
17,Asia,11,0.8060746523610312
18,Asia,12,0.7997094645888215
19,Asia,13,0.7612484214797544
20,Asia,2,0.7312423284731111
21,Asia,3,0.7405397817408955
22,Asia,4,0.8353523632779455
23,Asia,5,0.8172057200752957
24,Asia,6,0.8619535199256969
25,Asia,7,0.7668913571973519
26,Asia,8,0.9163048175573858
27,Asia,9,0.6881176008835164
28,Asia,AllQuestions,0.7729718345582606
29,Asia,SectionsAvg,0.7835199162695266
