,Region,Section,Alignment
15,Asia,1,0.7533443087770818
16,Asia,10,0.702378891514934
17,Asia,11,0.8060746523610312
18,Asia,12,0.7997094645888215
19,Asia,13,0.7612484214797544
20,Asia,2,0.7161501828970285
21,Asia,3,0.7318223331317373
22,Asia,4,0.8002516339772384
23,Asia,5,0.8151948504615196
24,Asia,6,0.8619535199256969
25,Asia,7,0.7668913571973519
26,Asia,8,0.7489144526721574
27,Asia,9,0.6881176008835164
28,Asia,AllQuestions,0.764516743893959
29,Asia,SectionsAvg,0.7655424361436822
