,Region,Section,Alignment
75,Other,1,0.7328619608847872
76,Other,10,0.4835792182405177
77,Other,11,0.7273781026874987
78,Other,12,0.781654582208301
79,Other,13,0.8109512040680805
80,Other,2,0.6599934103346761
81,Other,3,0.7333589803641077
82,Other,4,0.8571112296262858
83,Other,5,0.8123264600960933
84,Other,6,0.8692415291107563
85,Other,7,0.7734657417624685
86,Other,8,0.693369882899791
87,Other,9,0.6526127801100442
88,Other,AllQuestions,0.7423834975367665
89,Other,SectionsAvg,0.7375311601841084
