,Region,Section,Alignment
0,Other,1,0.7773177933653186
1,Other,10,0.6841865631021806
2,Other,11,0.8431134887330701
3,Other,12,0.788164685066165
4,Other,13,0.8120855773915102
5,Other,2,0.6776868823055031
6,Other,3,0.6631209684550026
7,Other,4,0.7827303150642029
8,Other,5,0.8102322857908798
9,Other,6,0.8619488340809464
10,Other,7,0.7401851261534167
11,Other,8,0.6493920501682651
12,Other,9,0.808624051411663
13,Other,AllQuestions,0.7547330896557294
14,Other,SectionsAvg,0.7610031172557274
